{
  "E11": {
    "MAE-joint 3D": [
      [
        0.8273781350014763,
        0.6281107953961652,
        0.8181583698736136,
        0.6813543547603667
      ],
      [
        0.8252706380023829,
        0.6251261498626557,
        0.817384575702863,
        0.6888764665082272
      ],
      [
        0.8277971120076324,
        0.6283290765525656,
        0.8197059582151148,
        0.6819825420644196
      ],
      [
        0.8265451886824647,
        0.6251704406453811,
        0.8184163012638638,
        0.6838162851630407
      ],
      [
        0.8254774371886884,
        0.6292063585168738,
        0.8140314676296105,
        0.690891970326633
      ]
    ],
    "retfound 3D": [
      [
        0.7789522570230116,
        0.5677482081123035,
        0.7817900438483364,
        0.6916295850025671
      ],
      [
        0.7788943903448706,
        0.5625186915501106,
        0.7758576218725819,
        0.6946367975645951
      ],
      [
        0.7754064392258921,
        0.5582871021094055,
        0.7877224658240908,
        0.6958851969575075
      ],
      [
        0.7709130545742124,
        0.5489785851915387,
        0.7701831312870776,
        0.6817577522759033
      ],
      [
        0.7707160853043862,
        0.5605922084856299,
        0.7833376321898375,
        0.6838481860238145
      ]
    ],
    "retfound 2D": [
      [
        0.7670771615058987,
        0.55955924228586,
        0.8111942223368585,
        0.6401109927365849
      ],
      [
        0.7680340018665713,
        0.5563736113983204,
        0.8068093887026051,
        0.6445109004465572
      ],
      [
        0.7736070080998512,
        0.5495846737388568,
        0.8055197317513542,
        0.6497849288426898
      ],
      [
        0.7673052897562626,
        0.5484037178010128,
        0.8055197317513542,
        0.6505494366865812
      ],
      [
        0.7653955039074845,
        0.5523286982636919,
        0.8024245550683519,
        0.6557913787515524
      ]
    ]
  },
  "I10": {
    "MAE-joint 3D": [
      [
        0.7499380095786039,
        0.6051367201361346,
        0.6953830281145216,
        0.6514511249565701
      ],
      [
        0.7514777996261501,
        0.6114620650961753,
        0.6966726850657725,
        0.6541917084814868
      ],
      [
        0.7528622523706641,
        0.612359537666653,
        0.701315450090276,
        0.654188962984994
      ],
      [
        0.7458774202274312,
        0.6034183470468717,
        0.6953830281145216,
        0.6374203372477661
      ],
      [
        0.7493589988127896,
        0.6068360038194733,
        0.6922878514315192,
        0.642572044715326
      ]
    ],
    "retfound 3D": [
      [
        0.7224038584919075,
        0.5856506224640562,
        0.6618519473819964,
        0.6528722806543409
      ],
      [
        0.7199352236221365,
        0.5843061123502548,
        0.6657209182357493,
        0.6533692155242437
      ],
      [
        0.7199165831457726,
        0.5817528914979515,
        0.6711374774310034,
        0.6560197756633339
      ],
      [
        0.7163416576787782,
        0.579578581901826,
        0.6662367810162497,
        0.6488846637107084
      ],
      [
        0.7187030736845026,
        0.5872338751035112,
        0.6744905855042559,
        0.6531187973418258
      ]
    ],
    "retfound 2D": [
      [
        0.7225473468099642,
        0.568314014975841,
        0.6752643796750064,
        0.6184092188539645
      ],
      [
        0.7247918624639185,
        0.5622087540127246,
        0.6832602527727625,
        0.6361575533489223
      ],
      [
        0.7239770279971285,
        0.576088311211988,
        0.677327830797008,
        0.6365727013224769
      ],
      [
        0.7193712408372666,
        0.5599070850305622,
        0.6801650760897602,
        0.6121441402981818
      ],
      [
        0.7170598217681461,
        0.5623747065369384,
        0.673200928553005,
        0.6265731695019721
      ]
    ]
  },
  "M25": {
    "MAE-joint 3D": [
      [
        0.663098045470788,
        0.5239997353336249,
        0.6388960536497291,
        0.5950338962386432
      ],
      [
        0.6659309517663358,
        0.525990342131842,
        0.6376063966984782,
        0.5964401337332523
      ],
      [
        0.6655664290811041,
        0.5268595430392543,
        0.646633995357235,
        0.5740903982414641
      ],
      [
        0.6530919188970138,
        0.5193434628391671,
        0.6425070931132318,
        0.5844179303987957
      ],
      [
        0.6612385147877569,
        0.5209625073796493,
        0.6394119164302295,
        0.5768855418467053
      ]
    ],
    "retfound 3D": [
      [
        0.6442416406367129,
        0.5112744574843932,
        0.5883415011606913,
        0.599128470923342
      ],
      [
        0.6468779836752454,
        0.5142965393064033,
        0.5971111684291979,
        0.6020979147071114
      ],
      [
        0.6462426405025706,
        0.5112782535393005,
        0.5973690998194481,
        0.5963758807974067
      ],
      [
        0.6454029842670487,
        0.5093135417626097,
        0.5965953056486974,
        0.5972969804469321
      ],
      [
        0.6451999393542467,
        0.5139641185259851,
        0.6017539334537013,
        0.6018573889152219
      ]
    ],
    "retfound 2D": [
      [
        0.6419748928835929,
        0.5015467328423849,
        0.6192932679907145,
        0.58033448725298
      ],
      [
        0.6476308420854473,
        0.5121581367616634,
        0.6288367294299716,
        0.5826406885630905
      ],
      [
        0.6357365809998433,
        0.4945363217885111,
        0.62677327830797,
        0.5555723076584456
      ],
      [
        0.6471340090788271,
        0.5025110010072408,
        0.6319319061129739,
        0.5718652176286605
      ],
      [
        0.64072266516668,
        0.5039369043226836,
        0.6241939644054681,
        0.569601569797856
      ]
    ]
  },
  "E78": {
    "MAE-joint 3D": [
      [
        0.7138725599187603,
        0.4766483167601454,
        0.7258189321640444,
        0.5745195902106132
      ],
      [
        0.7136822358575083,
        0.4777082556984075,
        0.7222078927005416,
        0.57520709728069
      ],
      [
        0.7154487877121195,
        0.4803138117577864,
        0.7209182357492907,
        0.5708142034058238
      ],
      [
        0.7024297117476267,
        0.46501442551171945,
        0.7149858137735362,
        0.574972077133277
      ],
      [
        0.7113079797629124,
        0.48065203793290956,
        0.7191127160175393,
        0.6030903036442615
      ]
    ],
    "retfound 3D": [
      [
        0.6947965954259814,
        0.4618465148682746,
        0.66675264379675,
        0.6264761085567607
      ],
      [
        0.6861314058430624,
        0.4476017396929052,
        0.6752643796750064,
        0.6217121559015693
      ],
      [
        0.6903325128757235,
        0.4571597769632911,
        0.6783595563580088,
        0.6166377686118543
      ],
      [
        0.6856048046829797,
        0.4528310172097069,
        0.673458859943255,
        0.6250076389638126
      ],
      [
        0.6888603050646029,
        0.45901122547742695,
        0.6817126644312613,
        0.621136145249971
      ]
    ],